geo,name,1985,1986,1987,1988,1989,1990,1991,1992,1993,1994,1995,1996,1997,1998,1999,2000,2001,2002,2003,2004,2005,2006,2007,2008,2009,2010,2011,2012,2013,2014,2015,2016,2017,2018,2019,2020,2021,2022,2023
afg,Afghanistan,,,,,,,,,,,,,,,,1900,,,,,,,,,,,,,,,,,,,,,,,
are,UAE,,,,,,32.6,,,,,22.4,,,,,,,,,,,,,1.4,,,,,,,,,,,,,,,
arg,Argentina,,,,,,,,,,,44,46.9,38.3,38.1,41.1,34.9,43.5,46.1,43.6,40.1,39.2,47.8,43.7,39.7,55,43.8,39.8,34.9,32.5,37.3,38.7,33.7,28.7,37.5,30.1,41.4,74.2,34.3,
atg,Antigua and Barbuda,,,,,,,,,,,,,,,,,,,,,,,,,,,,,,,173,,,,,,,,
bdi,Burundi,,,,,,,,,,,,,,,,,,,,,,,,,,,,,,,,334,,,,,,,
ben,Benin,,,,,,,,,,,,,,,,,,,,,,,,,,,,,,,,,391,,,,,,
bfa,Burkina Faso,,,,,,,,,,,,,,,,,,,,,,,,,,,,330,,,,,,,,,198,,
bgd,Bangladesh,,,,,,,,,,,,,,,,,,,,,,,,,194,,,,,,195.862,,172,169,165,163,,,
bgr,Bulgaria,,,,,,,,,,,,,,,,,,,,,,,,,,,,,,,,,,,,,,,8.74172
bhr,Bahrain,,,,,,,,,,,,,,,,,,,,,,,,,,,,,,,,24.13826,14.57655,20.26342,16.1195,11.08525,11.45607,34.37214,
bhs,Bahamas,,,,,,,,,,,64,,,17,19,38,187,,40,39,90,,68,55,131,99,,62,68,64,65.8,22.9,114.9,23.3,118.5,92.7,248.8,212.1,
blr,Belarus,,,,,,,,,,,,,,,,,,,,,,,,,,,,,,,,,,,1.14153,,,,
blz,Belize,,,,,,,,,,,,,,117.84,28.12,68.37139,55.44006,92.67841,40.44762,63.85696,134.10219,69.59911,85.28785,42.45684,53.90836,96.81881,,70.09673,13.79691,54.75702,107.49798,84.50704,134.37248,115.3107,137.5705,57.20824,225.39,56.64,78.83
bol,Bolivia,373,416,,,,,390,,,,,,,,,,,,229,,,,,,,,160,,,,,,,,,,,,
bra,Brazil,,,,,,,,,,,115.7,103.2,109.7,110.2,92.3,73.3,70.9,75.9,73,76.1,74.7,77.2,77,68.1,72.4,68.9,61.8,59.3,62.1,63.8,62,64.4,64.5,59.1,57.9,74.7,117.4,57.7,
brb,Barbados,,,,,,,,,,,,,,,,,,,,,,,,,,58,60.2,30.6,33.7,,34.8,1.15,,40.5,78.1,83.7,131,139.3,178.3
btn,Bhutan,,,,,,,,,380,,,,,,255.64,,,,,,,,,145.7,,,,,,,,,,,,,,,
bwa,Botswana,,,,,,,,,,,,,,,,,,,,,157.7,139.79,183.47,195.73,189.57,163,188.86,147.9,182.6,151.6,127,156.6,143.2,133.7,166.3,130.5,240,,
can,Canada,,,,,,,,,,,,,5.5,3.8,2.4,2.7,7.5,4,6.6,5.9,8.2,7.1,6.5,8.7,7.6,5.6,4.5,5,5.8,5,6,5.5,6.36,8.54,8.04,8.04,6.26,6.26,9.38
che,Switzerland,,,,,,,,,,,,,,,,,,,,,,,,,,14.86611,,,,,,,,,,,,1.2,2.5
chl,Chile,,,,,,,,,,,,,22.3,20.3,22.7,18.7,17.4,17.1,12.2,17.3,18.5,19.3,18.2,16.5,19.7,17.9,16.1,17.2,15.2,13.5,15.5,9,17.3,13.5,10.9,21,19.72,14.2,
chn,China,,,,,,88.9,,,,,61.9,,63.6,,58.7,53,50.2,43.2,51.3,48.3,47.7,41.1,36.6,34.2,31.9,30,26.1,24.5,23.2,21.7,20.1,19.9,19.6,18.3,17.8,,,,
civ,Cote d'Ivoire,,,,,,,,,,,,,,,,,,,,,,,,,,,,,,,,,,,,,385,,
cmr,Cameroon,,,,,,,,,,,,,,,,,,,,,,,,,,652,,,,,,,,406,,,,,
col,Colombia,,,,,,,,,,,,,,100.4,92.2,104.9,98.6,84.4,77.8,78.7,70.14,71.38,72.06,60.6,67.31,71.6,68.82,65.9,55.3,53.7,53.7,51.3,51,45.29,50.73,65.78,83.16,48.46,
cri,Costa Rica,,,,,,,,,,,19.9,29,37.2,15.6,28,35.8,32.7,38,32.9,30.5,37.7,39.3,19.1,33.3,26.7,22.6,24.5,30,19.8,29.3,27.8,28.6,23.3,14.6,20.2,34.39,40.52,14.97,7.96
cub,Cuba,,,,,,,,,,,47.6,36.4,38.6,39.1,43.8,40.4,33.9,41.1,39.5,38.5,51.4,49.4,31.1,46.5,46.9,43.1,40.6,33.4,38.9,35.1,41.6,41.9,39.1,43.8,37.4,40,176.6,40.9,38.7
cyp,Cyprus,,,,,,,,,,,,,,,,,,,,,,,,,,,,,,,,,,,89,108,,,
dma,Dominica,,,,,,,,,,,,,,,,,,,,,,,,,,214.6,,105,,,116,251.3,,,,,,153.4,
dnk,Denmark,,,,,,,,,,,,,,,,,,,,,,,3.99317,,,,,,,,,,,,,,,,
dom,Dominican Republic,,,,,,,,,,,,229.3,,,121.6,97.8,98.8,135.6,128,143.7,142.3,126.5,116.1,98.8,113.8,103,98.2,93.8,101.8,100.8,99.3,90,104,107.1,90.7,112.2,139.7,,
dza,Algeria,,,,,,,,,,,,,,,117.41,,,,,,,,,,,,,,,,75.9,,,,,,,,
ecu,Ecuador,,,,,,,,,,,47.2,54.1,45.3,42.6,58.5,65.5,52.6,42.3,39.3,36.8,41,38.8,50.7,47.7,60.3,59,70.4,59.9,45.7,49.2,44.6,39.7,42.8,41.4,37,57.6,43.5,33.9,35.62108
egy,Egypt,,,,,,,,174,,,,,,,,84,,,,68,,59,,,,,,,,,,,,,,,,,
eri,Eritrea,,,,,,,,,,,,,,,,,,,631,,,,,,,,,,,,,,,,,,,,
fji,Fiji,,,,,,,,,,,,,,,,57.6,40.6,35.3,44.7,62.1,50.5,43.5,31.1,37,26.5,22.6,39.2,59.5,,,,,,,,,,,
gab,Gabon,,,,,,,,,,,,,,,,,,,,,,,,,,,,,,,,,,,399,,,,
gmb,Gambia,,,,,,,,,,,,,,,,,,,,,,,,,,,,,,,,,,,289,,,,
grd,Grenada,,,,,,,,,,,,,,,,,,,,,,,,,,,,60.3,54.4,57.1,,192,72,131.5,63.6,64.97,125.7,203.7,208.2
gtm,Guatemala,,,,105,,,,,190,,,,,,,153,,,,,,,139,,,,,116,113,108,108,113.8,110,113,105,99,122,91,84
guy,Guyana,,,,,,,,,,,,,159.9,105.9,231,133,92,117,124,116,148,135,106,111.4,99.3,174.3,134.6,122.5,130.4,121.7,106.4,77.3,91,128.6,174.9,79,139,160,
hnd,Honduras,,,,,,,,,,,,,108,,,,,,,,,,,,,72.8,79,74.1,86,69.9,60,77,56,78,53,61,125,48,65
hti,Haiti,,,,,,,,,,,,,,,,523,,,,,,630,,,,,,,,,,529,529,,,,,,
ind,India,,,,,,,,437,,,,,,398,540,327,,301,,,254,,,212,,,178,167,,,130,,,,,,,,
irn,Iran,,,,,,,,,,,,,,,,,,27.4,28.3,24.1,23.8,21.7,24.7,20.9,25.4,22.1,21.5,19.9,19.7,,,,,,,,,,
irq,Iraq,,,,,,,,,,291,,,,,,,,,,,,,,,,,,35,,,,,,,,,,,29.6
isl,Iceland,,,,,,,,,,,,,5.4941,,,,,,,,,,,,,,,,,,,,,,,,,,
jam,Jamaica,,,,,,,,,,,,,,,,91.35402,,95,,,,92.55047,,,73.2,113.1,95.8,101.3429,106.5,113.5,87.1,110.6,61.00041,96.46584,117.60656,117.85157,108.67596,161,136.9
jpn,Japan,,,,,,,9.45654,,,,,,,,,,,,,,,,,,,,,,,,,,,,,,,,
khm,Cambodia,,,,,,,,,,,,,,,,,,,,,,,,,,,,,,,,,,,,,154,,
kna,St. Kitts and Nevis,,,,,,,,,,,,,,,,,,,,,,151.1,,141,,152.4,150.2,314,,155.5,158.2,147.9,154.3,337.8,168.4,316.5,,200,207.9
kor,South Korea,,,,,,,,,,,,,,,,,,,,,,,,,,,,,,11.02346,,,,,,,,,
lbn,Lebanon,,,,,,,,,,,,,,,,,,,,,,,,,,,,,,,,20,16.85434,13.37077,13.7,16.9,46.8,18.5,
lbr,Liberia,,,,,,,,,,,,,,,,,,,,,,,,,,,,,,,,,,,742,,,,
lca,St. Lucia,,,,,,,,,,,,,,,,,,,,,,47.1,90.7,223.7,,159.4,49.8,49.2,47.6,98,96.9,,53.6,52.6,52.5,54.6,52.1,,
lka,Sri Lanka,,,,,,,,,,,61,62,63,53,55.8,55.6,46.6,53.4,42.4,38,44,39.3,38.4,33.4,40.2,31.1,32.5,37.7,32.5,32,33.7,33.8,39,32,29.2,30.2,47.04,33,
lso,Lesotho,,,,,,,,,,,,,,,,,,,,,939,,,,,,,,,,,,,,,,,,530
mar,Morocco,,,,,,,,,,228,,,,,,,,,,,,,,,112,,,,,,,,,,,,,,
mex,Mexico,,,,,,,,,,,78.77,78.39,76.35,76.35,77.31,71.31,66.54,54.58,55.37,52.62,52.91,49.6,46.45,47.19,50.9,42.09,42.75,42.07,38.08,38.91,35.21,37.77,35.56,35.22,35.56,55.23,59.19,38.21,
mli,Mali,,,,,,,,,,,,,,,,,,,,,,,,,,,,,,,,,,325,,,,,
mmr,Myanmar,,,,,,,,,,,,,,,255,,,,,315.86,,,,,,,,,,,,,,,,,,,
mng,Mongolia,,,,,,,,203.9,259,219,186,173.7,143.5,162.4,182,166.2,165,121.5,107.2,96.7,92.7,67.2,88.3,48.6,81,47.4,48.7,51.5,42.6,30.2,,,,,,,,,
moz,Mozambique,,,,,,,,,,,,,,,,,,,,,,,,,,,,,,,,,,,,,,233,
mrt,Mauritania,,,,,,,,,,,,,,,,,,,,,,,,,,,,,,,,,,,,424,,,
mwi,Malawi,,,,,,,,,,,,,,,,,,,,,,,,,,,,,,,439,,,,,,,,
nam,Namibia,,,,,,,,,,,,,,,,,,,,,,,,,,,,,,,,,,,,81.1,,,
nga,Nigeria,,,,,,,,,,,,,,,,,,,,,,,,,,,,,,,,,,512,,,,,
nic,Nicaragua,,,,,,,,,,,,,,,,,87,89.4,72,87.3,86.5,90.4,76.5,,,,,49.7,49.7,37,42.2,37.3,34.4,34.5,31.1,37.5,31.1,31.2,
npl,Nepal,,,,,,,,,,,,,,,,,,,,,,,,229,,,,,,,,239,,,,,,,
omn,Oman,,,,,,,27.4,15.9,6,24.4,22,21,13.3,18.5,13.7,16.1,23.1,37.5,23.2,18.5,15.4,12.1,20.9,15.4,15.4,24.4,16.2,16.5,11.3,19.3,18.5,12.5,21,15.2,,,,,
pan,Panama,,,,,,,,,,,83.9,69.3,61.7,65.8,60.7,61.7,76.7,71.3,68,43,66,83.6,59.4,59.6,42.4,60.3,80.5,64.9,55.6,58.5,52.7,49.2,35.4,45.5,40,81.5,63.2,59.45,
per,Peru,,,,,,,,,,,,,185,,,,,118.3,123.8,120.8,114.1,114.9,110.5,107.9,96.1,95.9,92.7,,80.6,83.5,78.3,63,68,65,55.9,80.9,87.4,,
phl,Philippines,,,,,,,,,,172,,,,,,,,,,,,,,221,,,,,,,,,,,,,,,
png,Papua New Guinea,,,,,,,,,,,,,,,,,,,,,,,,,,,,,,,,,171,,,,,,
prt,Portugal,,,,,,,,,,,,,,,,,,,,8.2,2.7,4.7,,,,,,,,,,,,,,20.1,8.8,13.1,
pry,Paraguay,,,,,,,,,,,130.7,123.3,101.8,110.9,114.4,164,159.7,182.1,174.1,153.5,128.5,121.4,127.3,117.4,125.3,100.8,88.8,84.9,96.3,63.9,81.8,86.4,67.3,70.8,67.6,78.9,160,90.5,84.6
pse,Palestine,,,,,,,,,,,,,,,,,,,,,,,,,,,,,,,,,,,19.1,,,,
rwa,Rwanda,,,,,,,,,,,,,,,,,,,,,,,,,,,,,,,,,,,249,,,,
sau,Saudi Arabia,,,,,,,,,,,,,23,,,,,,,,,,,,,,,,,,,,,,,,,,
sdn,Sudan,,,,,,,,,,,,,,,,,,,,,638,,,,215.6,,,,,,,,,,,,,,
sen,Senegal,,,,,,,,,,,,,,,,,,,,,,,,,,,,,,,,,236,,,,,,153
sle,Sierra Leone,,,,,,,,,,,,,,,,,,,,,,,,,,,,,,,,,,,510,,,,
slv,El Salvador,,,,,,,,,,,,,173,,,,,,,,71.2,,56.93,51.09,64.5,83.7,,42,38,52.6,42.3,27.4,31.1,28.6,,45.1,62.9,34.5,26.8
ssd,South Sudan,,,,,,,,,,,,,,,,,,,,,2037,,,,,,,,,,,,,,,,,,
sur,Suriname,,,,,,,,,,,,,,,,,,,,,115.5,107.4,184.3,,123,,82.5,,129.8,153.7,70.3,111.4,109.72131,,89.1,79.82,288.37,,
syc,Seychelles,,,,,,,,,,,,,,,,,,,,,,,,,,,,,,,,,,,62.3053,,,,
syr,Syria,,,,,,,,,,,,,,,,,,,,,,,,56,52,,,,,,,,,,,,,,
tha,Thailand,,,,,,,,,,,,44.1,36.5,36.4,,,,,,44.5,37.4,41.6,,,,,,,,,,,,,,,,,
tls,Timor-Leste,,,,,,,,,,,,,,,,,,,,,,,,,,,,,,,,195,,,,,,,
tto,Trinidad and Tobago,,,,,,,,,,,,38.9,70.4,44.7,,,,,,52.2,34.7544,66.33499,31.76452,55.30973,44.57073,67.36449,32.32236,37.10378,42.29895,26.21369,49.28536,33.07243,30.51013,12.33806,25.7,26.7,61.2,15.2,7.8
tun,Tunisia,,,,,,,,,68.9,,,,,,,,,,,,,,,44.8,,,,,,,,,,,,,,,
tur,Turkey,,,,,,,,,,,,,,,,,,,,,,,21.2,19.4,18.4,16.4,15.5,15.4,15.9,15.2,14.6,14.7,14.5,13.6,13.1,,,,
tza,Tanzania,,,,,,,,,,,,,,,,,,,,,,,,,,,,,,,,,,,,,,104,
uga,Uganda,,,,,,,,,,,,,,,,,,,,,,,,,,,,,,,,336,,,,,,,
ury,Uruguay,,,,,,,,,,,22.9,18.7,30.2,20.1,11.1,17.1,36.6,34.6,21.7,18,19.1,12.7,27.4,14.8,33.9,14.8,8.6,10.4,18.5,18.6,22.5,19.1,18.6,14.9,13.3,22.3,52,3.1,19.1
usa,USA,,,,,,,,,,,7.1,7.6,8.4,7.1,9.9,9.8,9.9,8.9,12.1,13.1,15.1,13.3,12.7,,,,,,,,,,,17.4,20.1,23.8,32.9,22.3,
vct,St. Vincent and the Grenadines,,,,,,,,,,,,,,,,,,,,,,,,,,,57.3,53.5,115.1,54.3,,57.3,207.9,,,77.2,76.7,77.3,
ven,Venezuela,,,,,,,,,,,,,59.6,,59.3,60.1,67.2,68,57.8,,59.9,,56.8,62.9,73,69.3,73.3,69.8,68.7,82.4,80.24,132.84,122.66,125.44,,,,,
vnm,Vietnam,,,,,,,,,,,,,,,,,130,,,,,,,,69,,,,,,,,,,,,,,
yem,Yemen,,,,,,,,,,,,,,,,,,365,,,,,,,,,,148,,,,,,,,,,,
zaf,South Africa,,,,,,,,,,,,,,,,,,,,,,702,,,,,,,,,,475,125.89,117.69,98.82,126.06,148.1,109.6,
zmb,Zambia,,,,,,,,,,,,,,,,,,,,,,,,,,,,,,,,,,252,,,,,
